Window_size,Time
1000,384270.683340
2000,767079.337818
5000,1918762.492914
10000,3795738.904627
15000,147814.385673
20000,182651.319582
